id;username;email;password_hash;first_name;last_name;phone_number;date_of_birth;created_at;updated_at;keycloak_user_id;user_avatar;is_active
973398a2-50f1-498b-8b1d-34e96fc320db;weight pleased pfft;Maybell_Yost@hotmail.com;anesthetize upbeat how;Austen;Larson;regarding casement per;2025-08-30;2025-08-29T20:13:06;2025-08-30T00:26:31;9df5556a-f6d3-47a3-896f-a11ac71ffe3b;pfft;false
fd6d140b-95fb-458b-8599-bd27596d9cd3;inquisitively to flimsy;Reyes.Carter-Prosacco31@yahoo.com;rebuke forenenst notwithstanding;Aiyana;Lindgren;flint;2025-08-29;2025-08-30T08:54:16;2025-08-30T12:57:36;247e101b-1cab-4092-a276-1c3f2d69727d;industrialize rag moment;true
e2b84eac-0d04-43cd-a99e-ffb3b1080265;obnoxiously barring;Shana90@yahoo.com;that;Moriah;Lakin-Murazik;glum divine mould;2025-08-30;2025-08-29T20:03:21;2025-08-29T17:36:56;906e0c80-013a-4e3c-8e2b-c2af57feeb06;into;false
c0ca2d87-b238-4aa0-ad12-0243ec60d95f;synthesise;Bernita24@hotmail.com;so;Jed;Collins;militate scaffold;2025-08-30;2025-08-30T10:35:37;2025-08-30T02:15:07;4654e362-bdde-4d80-a5dd-eb0b13af41ba;but astride spellcheck;false
e0d8b459-26a6-4711-9367-4f2981ae6947;hence provided;Lacy_Langosh@hotmail.com;enthusiastically ouch;Karl;Rowe;before;2025-08-29;2025-08-29T13:51:23;2025-08-29T19:18:37;d57234a7-617f-414c-a01c-c4ca46299c90;aha;false
4717d681-83dd-4f2b-a5b7-f89ae048ec7c;before;Pierce.Gottlieb@hotmail.com;for inculcate;Nona;Rippin;hubris;2025-08-29;2025-08-29T15:59:05;2025-08-30T13:12:34;072a069c-687a-4b2c-a164-66a12582ca99;besides;false
9bb4493d-a8cc-41ec-bb65-8f972c8dac15;sunbeam wing per;Rory.Reynolds@yahoo.com;supposing;Josh;Schroeder;or boohoo oddly;2025-08-30;2025-08-30T04:09:10;2025-08-29T19:33:41;de4c8820-4918-41c1-8cc3-b28f3618e68e;how intervention roger;false
92485a27-6284-41f3-b3a4-54ce59bf779f;spectate dimly;Ettie_Jacobson80@hotmail.com;gadzooks save stranger;Tianna;Daugherty-Block;fund besides;2025-08-29;2025-08-30T00:55:32;2025-08-29T18:52:59;6a26dd8d-d71a-4742-8970-976fffd088ca;lean entwine;true
ef5426d2-f6df-44ad-a961-df4804fde592;braid;Lelia93@yahoo.com;ambitious approximate;Bella;Gulgowski;beside after oof;2025-08-29;2025-08-30T06:07:32;2025-08-29T21:40:36;153a3632-b125-4fd2-a118-551c821e1d85;concerned distorted;false
fff5ea00-f007-4b1c-8434-101bfa920438;preclude leading despite;Drake.Boyer14@gmail.com;unexpectedly;Mya;Schowalter;er behest regular;2025-08-29;2025-08-29T19:36:18;2025-08-30T08:13:40;e1bfdfca-86a0-4ef0-b9db-79777cea8ce0;how;false
